{"cameraMode":{"drawMode":0,"name":"Shaded","section":"Shading Mode"},"sceneLighting":true,"audioPlay":false,"sceneViewState":{"showFog":false,"showMaterialUpdate":false,"showSkybox":false,"showFlares":false,"showImageEffects":false,"showParticleSystems":false},"in2DMode":false,"pivot":{"x":-1.7603812217712403,"y":1.686051368713379,"z":-1.6927392482757569},"rotation":{"x":0.15038996934890748,"y":0.2805207371711731,"z":-0.04455091804265976,"w":0.9469457268714905},"size":11.052315711975098,"orthographic":false}